{"draftDetail":{"drafted":true,"inProgress":false},"gameId":1,"id":1632826924,"positionAgainstOpponent":{"positionalRatings":{"16":{"average":5.623507022857666,"ratingsByOpponent":{"1":{"average":4.636363636363637,"rank":13},"2":{"average":2.090909090909091,"rank":3},"3":{"average":7.363636363636363,"rank":25},"4":{"average":3.8181818181818183,"rank":8},"5":{"average":10.272727272727273,"rank":30},"6":{"average":8.363636363636363,"rank":27},"7":{"average":4.75,"rank":14},"8":{"average":1.2727272727272727,"rank":2},"9":{"average":2.909090909090909,"rank":5},"10":{"average":12.181818181818182,"rank":32},"11":{"average":6.5,"rank":20},"12":{"average":4.545454545454546,"rank":12},"13":{"average":10.909090909090908,"rank":31},"14":{"average":5.545454545454546,"rank":15},"15":{"average":7.181818181818182,"rank":23},"16":{"average":6.090909090909091,"rank":18},"17":{"average":10.083333333333334,"rank":29},"18":{"average":6.181818181818182,"rank":19},"19":{"average":9.090909090909092,"rank":28},"20":{"average":6.636363636363637,"rank":21},"21":{"average":3.6363636363636362,"rank":7},"22":{"average":5.636363636363637,"rank":16},"23":{"average":4.2727272727272725,"rank":10},"24":{"average":4.454545454545454,"rank":11},"25":{"average":3.909090909090909,"rank":9},"26":{"average":8.272727272727273,"rank":26},"27":{"average":3.3636363636363638,"rank":6},"28":{"average":2.8333333333333335,"rank":4},"29":{"average":7.2727272727272725,"rank":24},"30":{"average":7.0,"rank":22},"33":{"average":-1.3333333333333333,"rank":1},"34":{"average":5.833333333333333,"rank":17}}},"1":{"average":15.916618347167969,"ratingsByOpponent":{"1":{"average":19.19818181818182,"rank":26},"2":{"average":13.745454545454544,"rank":8},"3":{"average":12.340000000000002,"rank":2},"4":{"average":20.725454545454543,"rank":30},"5":{"average":16.754545454545454,"rank":21},"6":{"average":20.472727272727273,"rank":28},"7":{"average":13.050000000000002,"rank":4},"8":{"average":13.347272727272726,"rank":5},"9":{"average":13.427272727272726,"rank":6},"10":{"average":16.80181818181818,"rank":22},"11":{"average":16.55333333333333,"rank":18},"12":{"average":16.883636363636366,"rank":23},"13":{"average":18.59090909090909,"rank":25},"14":{"average":15.665454545454544,"rank":13},"15":{"average":12.42909090909091,"rank":3},"16":{"average":15.103636363636362,"rank":11},"17":{"average":16.57166666666667,"rank":19},"18":{"average":15.009090909090911,"rank":10},"19":{"average":17.35090909090909,"rank":24},"20":{"average":16.096363636363638,"rank":15},"21":{"average":13.667272727272728,"rank":7},"22":{"average":15.461818181818183,"rank":12},"23":{"average":11.712727272727273,"rank":1},"24":{"average":16.201818181818183,"rank":16},"25":{"average":14.196363636363635,"rank":9},"26":{"average":16.074545454545454,"rank":14},"27":{"average":21.972727272727273,"rank":31},"28":{"average":16.621666666666666,"rank":20},"29":{"average":19.49818181818182,"rank":27},"30":{"average":22.874545454545455,"rank":32},"33":{"average":20.64,"rank":29},"34":{"average":16.209999999999997,"rank":17}}},"2":{"average":21.595949172973633,"ratingsByOpponent":{"1":{"average":21.772727272727273,"rank":14},"2":{"average":27.609090909090913,"rank":30},"3":{"average":23.21818181818182,"rank":19},"4":{"average":20.018181818181816,"rank":8},"5":{"average":19.0,"rank":7},"6":{"average":25.718181818181815,"rank":29},"7":{"average":22.400000000000002,"rank":16},"8":{"average":16.327272727272728,"rank":2},"9":{"average":21.7,"rank":13},"10":{"average":21.02909090909091,"rank":11},"11":{"average":25.175,"rank":28},"12":{"average":14.945454545454545,"rank":1},"13":{"average":23.654545454545453,"rank":21},"14":{"average":24.327272727272728,"rank":24},"15":{"average":22.781818181818185,"rank":18},"16":{"average":16.87272727272727,"rank":3},"17":{"average":23.275000000000002,"rank":20},"18":{"average":25.1,"rank":25},"19":{"average":25.11818181818182,"rank":26},"20":{"average":20.654545454545456,"rank":10},"21":{"average":17.745454545454546,"rank":4},"22":{"average":23.927272727272733,"rank":22},"23":{"average":21.30909090909091,"rank":12},"24":{"average":18.181818181818183,"rank":5},"25":{"average":23.972727272727276,"rank":23},"26":{"average":22.69090909090909,"rank":17},"27":{"average":25.11818181818182,"rank":26},"28":{"average":22.15833333333333,"rank":15},"29":{"average":29.281818181818185,"rank":32},"30":{"average":28.9,"rank":31},"33":{"average":20.35,"rank":9},"34":{"average":18.333333333333332,"rank":6}}},"3":{"average":31.711090087890625,"ratingsByOpponent":{"1":{"average":37.690909090909095,"rank":29},"2":{"average":29.25454545454545,"rank":8},"3":{"average":27.518181818181823,"rank":3},"4":{"average":33.75454545454546,"rank":22},"5":{"average":35.60909090909092,"rank":24},"6":{"average":33.57272727272727,"rank":21},"7":{"average":27.816666666666666,"rank":5},"8":{"average":36.981818181818184,"rank":28},"9":{"average":28.527272727272724,"rank":7},"10":{"average":27.536363636363635,"rank":4},"11":{"average":32.940000000000005,"rank":18},"12":{"average":31.80909090909091,"rank":15},"13":{"average":30.645454545454548,"rank":12},"14":{"average":33.309090909090905,"rank":20},"15":{"average":26.59090909090909,"rank":2},"16":{"average":41.10181818181818,"rank":31},"17":{"average":35.475,"rank":23},"18":{"average":36.70909090909091,"rank":27},"19":{"average":31.15454545454546,"rank":14},"20":{"average":26.481818181818184,"rank":1},"21":{"average":30.472727272727276,"rank":10},"22":{"average":32.663636363636364,"rank":17},"23":{"average":28.15454545454546,"rank":6},"24":{"average":31.063636363636366,"rank":13},"25":{"average":30.227272727272727,"rank":9},"26":{"average":33.125454545454545,"rank":19},"27":{"average":36.23636363636364,"rank":26},"28":{"average":32.625,"rank":16},"29":{"average":30.538181818181815,"rank":11},"30":{"average":39.52363636363636,"rank":30},"33":{"average":41.681666666666665,"rank":32},"34":{"average":35.675000000000004,"rank":25}}},"4":{"average":11.732133865356445,"ratingsByOpponent":{"1":{"average":12.7,"rank":19},"2":{"average":11.736363636363636,"rank":16},"3":{"average":11.381818181818183,"rank":13},"4":{"average":15.79090909090909,"rank":31},"5":{"average":13.92,"rank":25},"6":{"average":11.136363636363637,"rank":11},"7":{"average":10.941666666666668,"rank":10},"8":{"average":7.154545454545453,"rank":1},"9":{"average":13.381818181818181,"rank":22},"10":{"average":10.127272727272727,"rank":8},"11":{"average":14.283333333333333,"rank":27},"12":{"average":15.154545454545454,"rank":29},"13":{"average":15.7,"rank":30},"14":{"average":13.836363636363636,"rank":24},"15":{"average":13.245454545454544,"rank":21},"16":{"average":10.663636363636364,"rank":9},"17":{"average":12.083333333333334,"rank":18},"18":{"average":11.909090909090908,"rank":17},"19":{"average":7.618181818181819,"rank":2},"20":{"average":9.290909090909091,"rank":5},"21":{"average":8.418181818181818,"rank":3},"22":{"average":9.872727272727273,"rank":7},"23":{"average":11.581818181818182,"rank":15},"24":{"average":11.274545454545455,"rank":12},"25":{"average":9.581818181818182,"rank":6},"26":{"average":13.127272727272727,"rank":20},"27":{"average":14.663636363636364,"rank":28},"28":{"average":11.441666666666668,"rank":14},"29":{"average":18.363636363636363,"rank":32},"30":{"average":14.054545454545455,"rank":26},"33":{"average":13.591666666666667,"rank":23},"34":{"average":9.133333333333333,"rank":4}}},"5":{"average":8.052801132202148,"ratingsByOpponent":{"1":{"average":11.272727272727273,"rank":31},"2":{"average":6.545454545454546,"rank":6},"3":{"average":9.181818181818182,"rank":22},"4":{"average":7.636363636363637,"rank":11},"5":{"average":7.2727272727272725,"rank":9},"6":{"average":9.909090909090908,"rank":27},"7":{"average":8.083333333333334,"rank":13},"8":{"average":8.181818181818182,"rank":16},"9":{"average":6.545454545454546,"rank":6},"10":{"average":9.272727272727273,"rank":23},"11":{"average":9.0,"rank":20},"12":{"average":7.2727272727272725,"rank":9},